{
  "version": 1,
  "author": "Uri Shaked",
  "editor": "wokwi",
  "parts": [
    { "type": "wokwi-breadboard-mini", "id": "bb1", "top": -49.4, "left": -88.8, "attrs": {} },
    {
      "type": "board-pi-pico-w",
      "id": "pico",
      "top": 68.65,
      "left": -39.25,
      "rotate": 270,
      "attrs": { "cyw43": "1" }
    },
    {
      "type": "board-ssd1306",
      "id": "oled1",
      "top": 12.74,
      "left": -9.37,
      "attrs": { "i2cAddress": "0x3c" }
    }
  ],
  "connections": [
    [ "oled1:GND", "bb1:12t.e", "black", [ "v0" ] ],
    [ "oled1:VCC", "bb1:13t.e", "red", [ "v0" ] ],
    [ "oled1:SCL", "bb1:14t.e", "purple", [ "v0" ] ],
    [ "oled1:SDA", "bb1:15t.e", "orange", [ "v0" ] ],
    [ "bb1:12t.d", "bb1:2t.d", "black", [ "v0" ] ],
    [ "bb1:2t.e", "bb1:2b.f", "black", [ "v0" ] ],
    [ "bb1:2b.j", "pico:GND.8", "black", [ "v0" ] ],
    [ "bb1:2t.a", "bb1:17t.a", "black", [ "v-6.2", "h140.03" ] ],
    [ "bb1:15t.d", "bb1:16t.d", "orange", [ "v0" ] ],
    [ "bb1:3t.c", "bb1:13t.c", "red", [ "v0" ] ],
    [ "bb1:4t.b", "bb1:14t.b", "purple", [ "v0" ] ],
    [ "bb1:5t.a", "bb1:15t.a", "orange", [ "v0" ] ],
    [ "bb1:3t.e", "bb1:3b.f", "red", [ "v0" ] ],
    [ "bb1:4t.e", "bb1:4b.f", "purple", [ "v0" ] ],
    [ "bb1:5t.e", "bb1:5b.f", "orange", [ "v0" ] ],
    [ "pico:3V3_EN", "bb1:3b.j", "red", [ "v0" ] ],
    [ "pico:GP27", "bb1:4b.j", "purple", [ "v-11.44", "h-40.9" ] ],
    [ "pico:GP26", "bb1:5b.j", "orange", [ "v-21.31", "h-39.17" ] ]
  ],
  "serialMonitor": { "display": "terminal" },
  "dependencies": {}
}